,Sl No,Cast Number,Posting Date,Stack No,Grade,Wt(MT),Pcs,%SI,%FE,%TI,%V,%CU,%MN,OTHIMP,%AL
,1,558097,01.09.2024,,W000,41.056,,0.06,0.24,0.001,0.003,0.001,0.004,0.02,99.671
,2,558101,01.09.2024,,W000,36.447,,0.06,0.22,0.002,0.003,0.001,0.004,0.02,99.69
,3,558105,02.09.2024,,W000,34.567,,0.06,0.2,0.001,0.003,0.001,0.004,0.02,99.711
,4,558109,02.09.2024,,W000,36.465,,0.06,0.17,0.001,0.003,0.001,0.004,0.02,99.741
,5,558113,03.09.2024,,W000,26.373,,0.06,0.2,0.001,0.002,0.001,0.004,0.02,99.712
,6,558117,03.09.2024,,W000,37.786,,0.06,0.2,0.001,0.001,0.001,0.004,0.02,99.713
,7,558121,03.09.2024,,W000,6.021,,0.07,0.19,0.004,0.014,0.001,0.004,0.02,99.697
,8,558125,04.09.2024,,W000,43.577,,0.06,0.16,0.001,0.002,0.001,0.003,0.02,99.753
,9,558129,04.09.2024,,W000,8.022,,0.06,0.15,0.002,0.004,0.001,0.004,0.02,99.759
,10,558133,05.09.2024,,W000,32.106,,0.06,0.16,0.001,0.003,0.001,0.003,0.02,99.752
,11,558137,05.09.2024,,W000,10.04,,0.06,0.22,0.001,0.002,0.001,0.004,0.02,99.692
,12,558141,06.09.2024,,W000,29.942,,0.07,0.19,0.002,0.008,0.001,0.004,0.02,99.705
,13,558145,06.09.2024,,W000,29.207,,0.07,0.2,0.001,0.002,0.001,0.004,0.02,99.702
,14,558149,07.09.2024,,W000,20.23,,0.06,0.35,0.001,0.002,0.001,0.005,0.02,99.561
,15,558153,07.09.2024,,W000,19.844,,0.06,0.21,0.002,0.002,0.001,0.004,0.02,99.701
,16,558157,08.09.2024,,W000,32.644,,0.07,0.2,0.001,0.003,0.001,0.004,0.02,99.701
,17,558161,08.09.2024,,W000,18.193,,0.06,0.23,0.001,0.002,0.001,0.004,0.02,99.682
,18,558165,09.09.2024,,W000,32.218,,0.06,0.21,0.001,0.002,0.001,0.004,0.02,99.702
,19,558169,09.09.2024,,W000,32.314,,0.07,0.25,0.002,0.004,0.001,0.004,0.02,99.649
,20,558173,11.09.2024,,W000,36.81,,0.07,0.19,0.001,0.002,0.001,0.004,0.02,99.712
,21,558177,10.09.2024,,W000,24.062,,0.07,0.22,0.001,0.002,0.001,0.004,0.02,99.682
,22,558181,11.09.2024,,W000,32.629,,0.07,0.19,0.003,0.01,0.001,0.004,0.02,99.702
,23,558185,11.09.2024,,W000,32.361,,0.08,0.18,0.003,0.009,0.001,0.004,0.02,99.703
,24,558189,12.09.2024,,W000,26.129,,0.07,0.17,0.002,0.01,0.001,0.004,0.02,99.723
,25,558193,12.09.2024,,W000,4.097,,0.06,0.19,0.004,0.016,0.001,0.004,0.02,99.705
,26,558195,13.09.2024,,W000,32.833,,0.07,0.2,0.002,0.01,0.001,0.004,0.02,99.693
,27,558199,13.09.2024,,W000,38.805,,0.07,0.18,0.001,0.002,0.001,0.004,0.02,99.722
,28,558203,14.09.2024,,W000,32.754,,0.07,0.2,0.001,0.002,0.001,0.004,0.02,99.702
,29,558205,15.09.2024,,W000,30.476,,0.07,0.18,0.001,0.003,0.001,0.004,0.02,99.721
,30,558209,15.09.2024,,W000,30.498,,0.07,0.19,0.001,0.003,0.001,0.004,0.02,99.711
,31,558213,15.09.2024,,W000,22.508,,0.06,0.19,0.001,0.002,0.001,0.004,0.02,99.722
,32,558217,16.09.2024,,W000,34.468,,0.08,0.18,0.001,0.002,0.001,0.004,0.02,99.712
,33,558221,16.09.2024,,W000,32.635,,0.07,0.17,0.001,0.001,0.001,0.004,0.02,99.733
,34,558225,17.09.2024,,W000,24.529,,0.08,0.23,0.001,0.002,0.001,0.005,0.02,99.661
,35,558229,17.09.2024,,W000,36.389,,0.08,0.2,0.002,0.005,0.001,0.004,0.02,99.688
,36,558233,17.09.2024,,W000,4.121,,0.08,0.19,0.001,0.004,0.001,0.004,0.02,99.7
,37,558237,18.09.2024,,W000,29.516,,0.08,0.19,0.001,0.003,0.001,0.004,0.02,99.701
,38,558241,18.09.2024,,W000,4.032,,0.08,0.2,0.002,0.006,0.001,0.004,0.02,99.687
,39,558245,19.09.2024,,W000,29.875,,0.08,0.21,0.003,0.008,0.001,0.004,0.02,99.674
,40,558249,20.09.2024,,W000,28.784,,0.08,0.17,0.001,0.003,0.001,0.004,0.02,99.721
,41,558253,20.09.2024,,W000,27.989,,0.08,0.17,0.003,0.009,0.001,0.004,0.02,99.713
,42,558257,21.09.2024,,W000,32.312,,0.08,0.19,0.005,0.014,0.001,0.004,0.02,99.686
,43,558261,21.09.2024,,W000,21.839,,0.07,0.18,0.001,0.002,0.001,0.004,0.02,99.722
,44,558263,22.09.2024,,W000,32.659,,0.07,0.17,0.001,0.002,0.001,0.004,0.02,99.732
,45,558267,23.09.2024,,W000,29.33,,0.08,0.21,0.001,0.003,0.001,0.004,0.02,99.681
,46,558271,23.09.2024,,W000,23.796,,0.08,0.21,0.003,0.009,0.001,0.004,0.02,99.673
,47,558275,24.09.2024,,W000,37.656,,0.08,0.2,0.003,0.007,0.001,0.004,0.02,99.685
,48,558279,24.09.2024,,W000,23.048,,0.08,0.21,0.002,0.004,0.001,0.004,0.02,99.679
,49,558283,25.09.2024,,W000,19.906,,0.08,0.21,0.001,0.002,0.001,0.005,0.02,99.681
,50,558287,26.09.2024,,W000,34.543,,0.08,0.18,0.001,0.002,0.001,0.004,0.02,99.712
,51,558291,27.09.2024,,W000,40.354,,0.08,0.2,0.002,0.004,0.001,0.004,0.02,99.689
,52,558295,27.09.2024,,W000,36.323,,0.08,0.2,0.003,0.005,0.001,0.004,0.02,99.687
,53,558299,28.09.2024,,W000,35.297,,0.08,0.17,0.004,0.01,0.001,0.004,0.02,99.711
,54,558303,28.09.2024,,W000,7.67,,0.07,0.21,0.002,0.007,0.001,0.004,0.02,99.686
,55,558307,29.09.2024,,W000,37.531,,0.08,0.2,0.002,0.005,0.001,0.004,0.02,99.688
,56,558311,29.09.2024,,W000,20.695,,0.09,0.18,0.001,0.002,0.001,0.004,0.02,99.702
,57,558315,30.09.2024,,W000,35.093,,0.08,0.17,0.002,0.005,0.001,0.004,0.02,99.718
,58,558319,30.09.2024,,W000,40.201,,0.08,0.19,0.001,0.003,0.001,0.004,0.02,99.701
,59,558323,01.10.2024,,W000,30.137,,0.09,0.17,0.001,0.002,0.001,0.004,0.02,99.712
,60,558325,05.10.2024,,W000,42.157,,0.09,0.18,0.001,0.003,0.001,0.004,0.02,99.701
,61,558327,05.10.2024,,W000,14.82,,0.09,0.21,0.001,0.004,0.001,0.004,0.02,99.67
,62,558329,06.10.2024,,W000,43.208,,0.08,0.21,0.001,0.004,0.001,0.004,0.02,99.68
,63,558331,06.10.2024,,W000,42.002,,0.08,0.21,0.001,0.003,0.001,0.004,0.02,99.681
,64,558333,07.10.2024,,W000,41.284,,0.09,0.2,0.001,0.004,0.001,0.004,0.02,99.68
,65,558335,07.10.2024,,W000,51.495,,0.09,0.2,0.001,0.001,0.001,0.004,0.02,99.683
,66,558337,07.10.2024,,W000,41.322,,0.08,0.22,0.001,0.003,0.001,0.004,0.02,99.671
,67,558339,07.10.2024,,W000,8.506,,0.08,0.22,0.001,0.003,0.001,0.004,0.02,99.671
,68,558343,08.10.2024,,W000,29.168,,0.09,0.2,0.002,0.007,0.001,0.004,0.02,99.676
,69,558347,09.10.2024,,W000,19.113,,0.08,0.2,0.001,0.002,0.001,0.004,0.02,99.692
,70,558351,09.10.2024,,W000,28.976,,0.09,0.24,0.001,0.002,0.001,0.004,0.02,99.642
,71,558355,09.10.2024,,W000,28.267,,0.07,0.18,0.001,0.002,0.001,0.004,0.02,99.722
,72,558359,10.10.2024,,W000,29.783,,0.07,0.17,0.001,0.002,0.001,0.004,0.02,99.732
,73,558363,11.10.2024,,W000,34.517,,0.08,0.19,0.001,0.002,0.001,0.004,0.02,99.702
,74,558367,11.10.2024,,W000,34.655,,0.08,0.21,0.001,0.002,0.001,0.004,0.02,99.682
,75,558371,12.10.2024,,W000,34.25,,0.08,0.21,0.001,0.002,0.001,0.004,0.02,99.682
,76,558375,12.10.2024,,W000,30.515,,0.06,0.2,0.001,0.002,0.001,0.004,0.02,99.712
,77,558379,13.10.2024,,W000,32.432,,0.07,0.18,0.001,0.002,0.001,0.004,0.02,99.722
,78,558385,14.10.2024,,W000,6.092,,0.07,0.19,0.001,0.005,0.001,0.004,0.02,99.709
,79,558389,14.10.2024,,W000,34.503,,0.08,0.21,0.001,0.002,0.001,0.004,0.02,99.682
,80,558393,14.10.2024,,W000,34.3,,0.07,0.2,0.001,0.002,0.001,0.004,0.02,99.702
,81,558397,16.10.2024,,W000,34.531,,0.08,0.2,0.001,0.001,0.001,0.004,0.02,99.693
,82,558401,17.10.2024,,W000,12.152,,0.07,0.17,0.001,0.001,0.001,0.004,0.02,99.733
,83,558405,17.10.2024,,W000,21.688,,0.07,0.19,0.001,0.002,0.001,0.004,0.02,99.712
,84,558409,18.10.2024,,W000,24.262,,0.07,0.17,0.001,0.003,0.001,0.004,0.02,99.731
,85,558413,18.10.2024,,W000,40.948,,0.07,0.19,0.001,0.002,0.001,0.004,0.02,99.712
,86,558417,19.10.2024,,W000,34.816,,0.08,0.2,0.001,0.001,0.001,0.004,0.02,99.693
,87,558421,19.10.2024,,W000,34.862,,0.07,0.19,0.001,0.002,0.001,0.004,0.02,99.712
,88,558425,20.10.2024,,W000,36.688,,0.07,0.18,0.001,0.002,0.001,0.004,0.02,99.722
,89,558429,20.10.2024,,W000,29.327,,0.08,0.19,0.001,0.004,0.001,0.004,0.02,99.7
,90,558433,21.10.2024,,W000,34.591,,0.08,0.18,0.002,0.007,0.001,0.004,0.02,99.706
,91,558437,21.10.2024,,W000,32.693,,0.08,0.17,0.001,0.003,0.001,0.004,0.02,99.721
,92,558441,22.10.2024,,W000,32.883,,0.08,0.18,0.001,0.001,0.001,0.004,0.02,99.713
,93,558447,22.10.2024,,W000,28.202,,0.08,0.18,0.001,0.002,0.001,0.004,0.02,99.712
,94,558451,23.10.2024,,W000,37.153,,0.08,0.18,0.001,0.002,0.001,0.004,0.02,99.712
,95,558455,23.10.2024,,W000,34.569,,0.08,0.2,0.001,0.002,0.001,0.004,0.02,99.692
,96,558459,24.10.2024,,W000,27.386,,0.08,0.16,0.001,0.001,0.001,0.004,0.02,99.733
,97,558463,24.10.2024,,W000,35.678,,0.08,0.15,0.002,0.006,0.001,0.004,0.02,99.737
,98,558467,25.10.2024,,W000,30.017,,0.08,0.18,0.001,0.001,0.001,0.004,0.02,99.713
,99,558471,25.10.2024,,W000,32.315,,0.08,0.15,0.001,0.002,0.001,0.004,0.02,99.742
,100,558475,26.10.2024,,W000,40.958,,0.08,0.18,0.002,0.003,0.001,0.004,0.02,99.71
,101,558481,27.10.2024,,W000,34.77,,0.08,0.2,0.001,0.002,0.001,0.004,0.02,99.692
,102,558485,28.10.2024,,W000,16.163,,0.08,0.17,0.001,0.001,0.001,0.004,0.02,99.723
,103,558489,28.10.2024,,W000,30.203,,0.08,0.18,0.001,0.005,0.001,0.004,0.02,99.709
,104,558493,28.10.2024,,W000,12.414,,0.09,0.17,0.001,0.008,0.001,0.004,0.02,99.706
,105,558497,29.10.2024,,W000,41.15,,0.09,0.17,0.002,0.004,0.001,0.004,0.02,99.709
,106,558501,30.10.2024,,W000,14.131,,0.1,0.2,0.001,0.001,0.001,0.004,0.02,99.673
,107,558505,30.10.2024,,W000,6.24,,0.09,0.2,0.002,0.004,0.001,0.004,0.02,99.679
,108,558509,31.10.2024,,W000,37.428,,0.09,0.17,0.001,0.002,0.001,0.004,0.02,99.712
,109,558513,31.10.2024,,W000,10.193,,0.09,0.19,0.001,0.001,0.001,0.004,0.02,99.693
,110,558517,02.11.2024,,W000,8.323,,0.09,0.17,0.001,0.003,0.001,0.004,0.02,99.711
,111,558521,02.11.2024,,W000,41.695,,0.1,0.19,0.001,0.003,0.001,0.004,0.02,99.681
,112,558525,03.11.2024,,W000,12.479,,0.1,0.18,0.001,0.002,0.001,0.004,0.02,99.692
,113,558529,03.11.2024,,W000,30.337,,0.09,0.16,0.001,0.002,0.001,0.004,0.02,99.722
,114,558533,04.11.2024,,W000,12.6,,0.1,0.19,0.001,0.003,0.001,0.004,0.02,99.681
,115,558537,04.11.2024,,W000,29.17,,0.1,0.19,0.001,0.002,0.001,0.004,0.02,99.682
,116,558541,04.11.2024,,W000,6.113,,0.11,0.19,0.001,0.005,0.001,0.004,0.02,99.669
,117,558543,06.11.2024,,W000,14.493,,0.07,0.15,0.001,0.001,0.001,0.004,0.02,99.753
,118,558545,06.11.2024,,W000,36.247,,0.11,0.16,0.001,0.003,0.001,0.004,0.02,99.701
,119,558549,07.11.2024,,W000,39.055,,0.11,0.2,0.001,0.002,0.001,0.004,0.02,99.662
,120,558553,07.11.2024,,W000,22.215,,0.1,0.16,0.001,0.002,0.001,0.004,0.02,99.712
,121,558557,08.11.2024,,W000,33.245,,0.11,0.19,0.001,0.003,0.001,0.004,0.02,99.671
,122,558561,09.11.2024,,W000,33.112,,0.13,0.17,0.001,0.003,0.001,0.004,0.02,99.671
,123,558565,09.11.2024,,W000,26.213,,0.12,0.16,0.001,0.001,0.001,0.004,0.02,99.693
,124,558569,10.11.2024,,W000,43.803,,0.12,0.16,0.001,0.002,0.001,0.004,0.02,99.692
,125,558573,10.11.2024,,W000,37.356,,0.11,0.16,0.001,0.002,0.001,0.004,0.02,99.702
,126,558577,11.11.2024,,W000,39.248,,0.12,0.16,0.001,0.004,0.001,0.004,0.02,99.69
,127,558581,12.11.2024,,W000,10.272,,0.12,0.16,0.001,0.002,0.001,0.005,0.02,99.691
,128,558585,12.11.2024,,W000,41.423,,0.11,0.17,0.001,0.002,0.001,0.004,0.02,99.692
,129,558589,12.11.2024,,W000,20.63,,0.12,0.2,0.001,0.002,0.001,0.005,0.02,99.651
,130,558593,13.11.2024,,W000,30.877,,0.11,0.17,0.001,0.001,0.001,0.005,0.02,99.692
,131,558597,14.11.2024,,W000,30.933,,0.11,0.18,0.001,0.005,0.001,0.004,0.02,99.679
,132,558601,14.11.2024,,W000,30.695,,0.11,0.16,0.002,0.003,0.001,0.004,0.02,99.7
,133,558605,14.11.2024,,W000,10.34,,0.11,0.16,0.004,0.012,0.001,0.004,0.02,99.689
,134,558609,15.11.2024,,W000,37.163,,0.11,0.16,0.002,0.006,0.001,0.004,0.02,99.697
,135,558613,16.11.2024,,W000,37.128,,0.12,0.18,0.002,0.003,0.001,0.005,0.02,99.669
,136,558617,17.11.2024,,W000,35.028,,0.11,0.17,0.002,0.003,0.001,0.004,0.02,99.69
,137,558621,17.11.2024,,W000,37.122,,0.12,0.17,0.001,0.002,0.001,0.004,0.02,99.682
,138,558625,18.11.2024,,W000,37.2,,0.11,0.16,0.001,0.002,0.001,0.004,0.02,99.702
,139,558629,18.11.2024,,W000,34.678,,0.11,0.16,0.002,0.007,0.001,0.005,0.02,99.695
,140,558633,19.11.2024,,W000,36.449,,0.11,0.16,0.001,0.002,0.001,0.004,0.02,99.702
,141,558637,20.11.2024,,W000,12.389,,0.12,0.18,0.001,0.002,0.001,0.004,0.02,99.672
,142,558641,20.11.2024,,W000,34.286,,0.12,0.18,0.001,0.002,0.001,0.004,0.02,99.672
,143,558645,21.11.2024,,W000,16.484,,0.11,0.18,0.001,0.003,0.001,0.004,0.02,99.681
,144,558649,21.11.2024,,W000,25.98,,0.12,0.18,0.001,0.003,0.001,0.005,0.02,99.67
,145,558653,21.11.2024,,W000,18.558,,0.1,0.19,0.001,0.002,0.001,0.004,0.02,99.682
,146,558657,22.11.2024,,W000,28.874,,0.11,0.19,0.001,0.002,0.001,0.004,0.02,99.672
,147,558661,23.11.2024,,W000,14.454,,0.11,0.18,0.001,0.002,0.001,0.004,0.02,99.682
,148,558665,23.11.2024,,W000,34.898,,0.12,0.21,0.002,0.004,0.001,0.005,0.02,99.638
,149,558669,23.11.2024,,W000,22.615,,0.12,0.19,0.002,0.005,0.001,0.004,0.02,99.658
,150,558673,24.11.2024,,W000,35.032,,0.11,0.15,0.001,0.003,0.001,0.004,0.02,99.711
,151,558677,24.11.2024,,W000,18.633,,0.12,0.17,0.002,0.007,0.001,0.004,0.02,99.676
,152,658095,01.09.2024,,W000,16.45,,0.06,0.22,0.001,0.002,0.001,0.004,0.02,99.692
,153,658099,01.09.2024,,W000,36.676,,0.06,0.17,0.001,0.002,0.001,0.004,0.02,99.742
,154,658103,02.09.2024,,W000,32.748,,0.06,0.2,0.002,0.002,0.001,0.004,0.02,99.711
,155,658107,02.09.2024,,W000,28.284,,0.06,0.16,0.002,0.003,0.001,0.004,0.02,99.75
,156,658111,02.09.2024,,W000,10.93,,0.06,0.2,0.002,0.003,0.001,0.004,0.02,99.71
,157,658115,03.09.2024,,W000,32.405,,0.06,0.2,0.001,0.002,0.001,0.004,0.02,99.712
,158,658119,03.09.2024,,W000,28.057,,0.06,0.2,0.001,0.003,0.001,0.004,0.02,99.711
,159,658123,04.09.2024,,W000,31.027,,0.06,0.17,0.004,0.013,0.001,0.002,0.02,99.73
,160,658127,04.09.2024,,W000,35.177,,0.06,0.19,0.001,0.002,0.001,0.004,0.02,99.722
,161,658131,05.09.2024,,W000,38.24,,0.06,0.18,0.002,0.003,0.001,0.004,0.02,99.73
,162,658135,05.09.2024,,W000,29.937,,0.06,0.16,0.001,0.001,0.001,0.004,0.02,99.753
,163,658139,06.09.2024,,W000,24.127,,0.07,0.31,0.001,0.002,0.001,0.004,0.02,99.592
,164,658143,06.09.2024,,W000,29.977,,0.06,0.26,0.001,0.001,0.001,0.004,0.02,99.653
,165,658147,07.09.2024,,W000,24.244,,0.07,0.18,0.001,0.002,0.001,0.004,0.02,99.722
,166,658151,07.09.2024,,W000,32.542,,0.06,0.23,0.002,0.003,0.001,0.004,0.02,99.68
,167,658155,07.09.2024,,W000,16.281,,0.06,0.2,0.001,0.004,0.001,0.004,0.02,99.71
,168,658159,08.09.2024,,W000,32.371,,0.06,0.2,0.001,0.004,0.001,0.004,0.02,99.71
,169,658163,08.09.2024,,W000,2.138,,0.06,0.2,0.001,0.002,0.001,0.004,0.02,99.712
,170,658167,09.09.2024,,W000,28.382,,0.07,0.19,0.001,0.003,0.001,0.004,0.02,99.711
,171,658171,11.09.2024,,W000,4.077,,0.06,0.2,0.001,0.001,0.001,0.004,0.02,99.713
,172,658175,11.09.2024,,W000,22.486,,0.06,0.2,0.001,0.002,0.001,0.004,0.02,99.712
,173,658179,11.09.2024,,W000,16.257,,0.07,0.18,0.002,0.009,0.001,0.004,0.02,99.714
,174,658183,11.09.2024,,W000,26.397,,0.07,0.22,0.004,0.014,0.001,0.004,0.02,99.667
,175,658187,12.09.2024,,W000,8.187,,0.06,0.18,0.004,0.014,0.001,0.004,0.02,99.717
,176,658191,12.09.2024,,W000,30.175,,0.07,0.21,0.004,0.015,0.001,0.004,0.02,99.676
,177,658197,13.09.2024,,W000,32.723,,0.08,0.19,0.001,0.005,0.001,0.004,0.02,99.699
,178,658201,13.09.2024,,W000,24.389,,0.07,0.19,0.003,0.006,0.001,0.004,0.02,99.706
,179,658207,15.09.2024,,W000,30.098,,0.07,0.18,0.001,0.003,0.001,0.004,0.02,99.721
,180,658211,15.09.2024,,W000,32.494,,0.07,0.19,0.002,0.007,0.001,0.004,0.02,99.706
,181,658215,16.09.2024,,W000,32.724,,0.08,0.2,0.001,0.002,0.001,0.004,0.02,99.692
,182,658219,16.09.2024,,W000,18.368,,0.08,0.22,0.001,0.002,0.001,0.004,0.02,99.672
,183,658223,17.09.2024,,W000,14.342,,0.08,0.22,0.001,0.002,0.001,0.004,0.02,99.672
,184,658227,17.09.2024,,W000,24.459,,0.07,0.17,0.001,0.002,0.001,0.004,0.02,99.732
,185,658231,17.09.2024,,W000,22.559,,0.08,0.18,0.002,0.005,0.001,0.004,0.02,99.708
,186,658235,18.09.2024,,W000,26.584,,0.08,0.19,0.001,0.003,0.001,0.004,0.02,99.701
,187,658239,18.09.2024,,W000,26.383,,0.08,0.21,0.001,0.002,0.001,0.004,0.02,99.682
,188,658243,19.09.2024,,W000,31.666,,0.08,0.18,0.002,0.007,0.001,0.004,0.02,99.706
,189,658247,20.09.2024,,W000,12.311,,0.07,0.19,0.002,0.007,0.001,0.004,0.02,99.706
,190,658251,20.09.2024,,W000,30.7,,0.08,0.15,0.001,0.002,0.001,0.004,0.02,99.742
,191,658255,20.09.2024,,W000,26.353,,0.07,0.18,0.002,0.003,0.001,0.004,0.02,99.72
,192,658259,21.09.2024,,W000,30.109,,0.08,0.16,0.001,0.002,0.001,0.004,0.02,99.732
,193,658265,22.09.2024,,W000,24.555,,0.08,0.21,0.001,0.004,0.001,0.004,0.02,99.68
,194,658269,23.09.2024,,W000,26.455,,0.08,0.19,0.001,0.002,0.001,0.004,0.02,99.702
,195,658273,23.09.2024,,W000,18.249,,0.08,0.19,0.001,0.002,0.001,0.004,0.02,99.702
,196,658277,24.09.2024,,W000,18.236,,0.08,0.17,0.001,0.002,0.001,0.004,0.02,99.722
,197,658281,24.09.2024,,W000,13.2,,0.08,0.19,0.001,0.002,0.001,0.004,0.02,99.702
,198,658285,26.09.2024,,W000,31.202,,0.09,0.18,0.001,0.002,0.001,0.004,0.02,99.702
,199,658289,26.09.2024,,W000,6.064,,0.08,0.19,0.001,0.002,0.001,0.004,0.02,99.702
,200,658293,27.09.2024,,W000,27.736,,0.08,0.17,0.003,0.005,0.001,0.004,0.02,99.717
,201,658297,27.09.2024,,W000,16.162,,0.08,0.19,0.002,0.002,0.001,0.004,0.02,99.701
,202,658301,28.09.2024,,W000,30.728,,0.08,0.17,0.003,0.01,0.001,0.004,0.02,99.712
,203,658305,28.09.2024,,W000,19.584,,0.08,0.2,0.001,0.002,0.001,0.004,0.02,99.692
,204,658309,29.09.2024,,W000,23.865,,0.08,0.17,0.001,0.001,0.001,0.004,0.02,99.723
,205,658313,30.09.2024,,W000,28.751,,0.08,0.19,0.001,0.002,0.001,0.004,0.02,99.702
,206,658317,30.09.2024,,W000,28.888,,0.09,0.18,0.001,0.002,0.001,0.004,0.02,99.702
,207,658321,01.10.2024,,W000,32.819,,0.08,0.18,0.001,0.003,0.001,0.004,0.02,99.711
,208,658341,08.10.2024,,W000,20.898,,0.08,0.19,0.002,0.005,0.001,0.004,0.02,99.698
,209,658345,08.10.2024,,W000,30.664,,0.08,0.19,0.001,0.002,0.001,0.004,0.02,99.702
,210,658349,09.10.2024,,W000,31.001,,0.08,0.19,0.001,0.002,0.001,0.004,0.02,99.702
,211,658353,09.10.2024,,W000,33.193,,0.09,0.23,0.001,0.002,0.001,0.004,0.02,99.652
,212,658357,10.10.2024,,W000,20.211,,0.08,0.21,0.001,0.001,0.001,0.004,0.02,99.683
,213,658361,11.10.2024,,W000,12.173,,0.08,0.23,0.001,0.001,0.001,0.004,0.02,99.663
,214,658365,11.10.2024,,W000,32.55,,0.08,0.21,0.001,0.002,0.001,0.004,0.02,99.682
,215,658369,11.10.2024,,W000,33.848,,0.08,0.2,0.001,0.002,0.001,0.004,0.02,99.692
,216,658373,12.10.2024,,W000,36.433,,0.07,0.17,0.001,0.002,0.001,0.004,0.02,99.732
,217,658377,12.10.2024,,W000,20.466,,0.07,0.2,0.001,0.002,0.001,0.004,0.02,99.702
,218,658381,13.10.2024,,W000,30.674,,0.07,0.2,0.001,0.002,0.001,0.004,0.02,99.702
,219,658383,13.10.2024,,W000,35.384,,0.07,0.2,0.001,0.002,0.001,0.004,0.02,99.702
,220,658387,14.10.2024,,W000,28.212,,0.07,0.18,0.001,0.001,0.001,0.004,0.02,99.723
,221,658391,14.10.2024,,W000,34.419,,0.08,0.24,0.001,0.003,0.001,0.004,0.02,99.651
,222,658395,16.10.2024,,W000,28.65,,0.07,0.17,0.001,0.002,0.001,0.004,0.02,99.732
,223,658399,16.10.2024,,W000,24.617,,0.07,0.18,0.001,0.001,0.001,0.004,0.02,99.723
,224,658403,17.10.2024,,W000,13.147,,0.07,0.18,0.001,0.002,0.001,0.004,0.02,99.722
,225,658407,17.10.2024,,W000,26.811,,0.07,0.16,0.001,0.002,0.001,0.004,0.02,99.742
,226,658411,18.10.2024,,W000,24.222,,0.07,0.17,0.001,0.002,0.001,0.004,0.02,99.732
,227,658415,19.10.2024,,W000,20.436,,0.07,0.17,0.001,0.002,0.001,0.004,0.02,99.732
,228,658419,19.10.2024,,W000,34.596,,0.07,0.18,0.001,0.002,0.001,0.004,0.02,99.722
,229,658423,20.10.2024,,W000,16.44,,0.08,0.19,0.002,0.003,0.001,0.004,0.02,99.7
,230,658427,20.10.2024,,W000,22.544,,0.07,0.16,0.001,0.003,0.001,0.004,0.02,99.741
,231,658431,21.10.2024,,W000,20.444,,0.07,0.19,0.001,0.004,0.001,0.004,0.02,99.71
,232,658435,21.10.2024,,W000,30.722,,0.08,0.2,0.001,0.002,0.001,0.004,0.02,99.692
,233,658439,22.10.2024,,W000,23.624,,0.08,0.19,0.001,0.002,0.001,0.004,0.02,99.702
,234,658443,22.10.2024,,W000,19.186,,0.07,0.18,0.001,0.002,0.001,0.003,0.02,99.723
,235,658445,22.10.2024,,W000,16.341,,0.07,0.19,0.001,0.002,0.001,0.004,0.02,99.712
,236,658449,23.10.2024,,W000,24.577,,0.08,0.19,0.001,0.001,0.001,0.004,0.02,99.703
,237,658453,23.10.2024,,W000,32.829,,0.08,0.2,0.001,0.002,0.001,0.004,0.02,99.692
,238,658457,23.10.2024,,W000,13.782,,0.07,0.17,0.002,0.005,0.001,0.004,0.02,99.728
,239,658461,24.10.2024,,W000,30.787,,0.08,0.19,0.002,0.003,0.001,0.004,0.02,99.7
,240,658465,24.10.2024,,W000,8.237,,0.07,0.16,0.002,0.007,0.001,0.004,0.02,99.736
,241,658469,25.10.2024,,W000,24.591,,0.08,0.17,0.001,0.002,0.001,0.004,0.02,99.722
,242,658473,25.10.2024,,W000,16.456,,0.08,0.18,0.001,0.001,0.001,0.004,0.02,99.713
,243,658477,26.10.2024,,W000,14.442,,0.08,0.16,0.004,0.006,0.001,0.004,0.02,99.725
,244,658479,27.10.2024,,W000,35.263,,0.08,0.18,0.001,0.003,0.001,0.004,0.02,99.711
,245,658483,27.10.2024,,W000,28.111,,0.08,0.19,0.001,0.002,0.001,0.004,0.02,99.702
,246,658487,28.10.2024,,W000,35.026,,0.08,0.17,0.001,0.002,0.001,0.004,0.02,99.722
,247,658491,28.10.2024,,W000,29.69,,0.09,0.16,0.001,0.002,0.001,0.004,0.02,99.722
,248,658495,29.10.2024,,W000,23.536,,0.09,0.16,0.001,0.002,0.001,0.004,0.02,99.722
,249,658499,30.10.2024,,W000,18.703,,0.1,0.19,0.001,0.001,0.001,0.004,0.02,99.683
,250,658503,30.10.2024,,W000,30.138,,0.09,0.18,0.002,0.004,0.001,0.004,0.02,99.699
,251,658507,31.10.2024,,W000,33.357,,0.09,0.2,0.001,0.003,0.001,0.004,0.02,99.681
,252,658511,31.10.2024,,W000,36.374,,0.1,0.18,0.002,0.008,0.001,0.004,0.02,99.685
,253,658515,01.11.2024,,W000,39.031,,0.09,0.18,0.001,0.002,0.001,0.004,0.02,99.702
,254,658519,02.11.2024,,W000,26.055,,0.07,0.13,0.001,0.006,0.001,0.004,0.02,99.768
,255,658523,02.11.2024,,W000,35.245,,0.1,0.19,0.001,0.002,0.001,0.004,0.02,99.682
,256,658527,03.11.2024,,W000,27.729,,0.11,0.19,0.001,0.002,0.001,0.004,0.02,99.672
,257,658531,03.11.2024,,W000,35.513,,0.1,0.17,0.002,0.005,0.001,0.004,0.02,99.698
,258,658535,04.11.2024,,W000,24.428,,0.1,0.17,0.002,0.004,0.001,0.004,0.02,99.699
,259,658539,04.11.2024,,W000,32.648,,0.12,0.19,0.001,0.005,0.001,0.004,0.02,99.659
,260,658547,07.11.2024,,W000,18.644,,0.11,0.18,0.001,0.003,0.001,0.004,0.02,99.681
,261,658551,07.11.2024,,W000,31.148,,0.11,0.18,0.001,0.002,0.001,0.004,0.02,99.682
,262,658555,08.11.2024,,W000,18.535,,0.1,0.15,0.001,0.003,0.001,0.004,0.02,99.721
,263,658559,08.11.2024,,W000,43.586,,0.12,0.17,0.003,0.008,0.001,0.004,0.02,99.674
,264,658563,09.11.2024,,W000,25.564,,0.12,0.18,0.001,0.004,0.001,0.004,0.02,99.67
,265,658567,09.11.2024,,W000,20.854,,0.11,0.18,0.002,0.003,0.001,0.004,0.02,99.68
,266,658571,10.11.2024,,W000,37.604,,0.12,0.19,0.001,0.002,0.001,0.005,0.02,99.661
,267,658575,11.11.2024,,W000,27.98,,0.12,0.18,0.002,0.004,0.001,0.004,0.02,99.669
,268,658579,11.11.2024,,W000,33.189,,0.12,0.17,0.001,0.004,0.001,0.004,0.02,99.68
,269,658583,12.11.2024,,W000,34.823,,0.12,0.18,0.001,0.005,0.001,0.004,0.02,99.669
,270,658587,12.11.2024,,W000,30.756,,0.11,0.18,0.002,0.007,0.001,0.004,0.02,99.676
,271,658591,13.11.2024,,W000,40.335,,0.12,0.17,0.003,0.008,0.001,0.005,0.02,99.673
,272,658595,13.11.2024,,W000,28.29,,0.13,0.17,0.001,0.002,0.001,0.004,0.02,99.672
,273,658599,14.11.2024,,W000,34.938,,0.13,0.19,0.001,0.001,0.001,0.005,0.02,99.652
,274,658603,14.11.2024,,W000,31.058,,0.11,0.16,0.002,0.003,0.001,0.004,0.02,99.7
,275,658607,15.11.2024,,W000,32.877,,0.12,0.17,0.002,0.007,0.001,0.005,0.02,99.675
,276,658611,15.11.2024,,W000,26.816,,0.11,0.16,0.001,0.002,0.001,0.004,0.02,99.702
,277,658615,16.11.2024,,W000,22.657,,0.12,0.18,0.002,0.005,0.001,0.004,0.02,99.668
,278,658619,17.11.2024,,W000,30.76,,0.11,0.14,0.001,0.003,0.001,0.004,0.02,99.721
,279,658623,18.11.2024,,W000,9.295,,0.12,0.17,0.001,0.002,0.001,0.004,0.02,99.682
,280,658627,18.11.2024,,W000,12.196,,0.12,0.17,0.001,0.002,0.001,0.005,0.02,99.681
,281,658631,18.11.2024,,W000,10.302,,0.12,0.18,0.002,0.008,0.001,0.004,0.02,99.665
,282,658635,19.11.2024,,W000,35.045,,0.11,0.18,0.001,0.003,0.001,0.004,0.02,99.681
,283,658639,20.11.2024,,W000,33.102,,0.11,0.17,0.001,0.002,0.001,0.004,0.02,99.692
,284,658643,20.11.2024,,W000,30.978,,0.11,0.18,0.002,0.005,0.001,0.004,0.02,99.678
,285,658647,21.11.2024,,W000,30.398,,0.11,0.16,0.001,0.002,0.001,0.004,0.02,99.702
,286,658651,21.11.2024,,W000,30.886,,0.12,0.19,0.001,0.002,0.001,0.005,0.02,99.661
,287,658655,22.11.2024,,W000,31.406,,0.1,0.16,0.001,0.002,0.001,0.004,0.02,99.712
,288,658659,22.11.2024,,W000,33.018,,0.1,0.19,0.001,0.002,0.001,0.004,0.02,99.682
,289,658663,23.11.2024,,W000,39.11,,0.11,0.2,0.001,0.002,0.001,0.004,0.02,99.662
,290,658667,23.11.2024,,W000,32.943,,0.11,0.19,0.001,0.002,0.001,0.005,0.02,99.671
,291,658671,24.11.2024,,W000,34.981,,0.13,0.18,0.001,0.002,0.001,0.004,0.02,99.662
,292,658675,24.11.2024,,W000,30.819,,0.11,0.15,0.001,0.003,0.001,0.004,0.02,99.711
,293,758114,01.09.2024,,W000,33.102,,0.05,0.19,0.001,0.002,0.001,0.004,0.02,99.732
,294,758118,01.09.2024,,W000,24.09,,0.06,0.19,0.001,0.002,0.001,0.004,0.02,99.722
,295,758122,02.09.2024,,W000,35.244,,0.06,0.18,0.001,0.001,0.001,0.003,0.02,99.734
,296,758126,02.09.2024,,W000,29.028,,0.06,0.15,0.002,0.003,0.001,0.004,0.02,99.76
,297,758130,02.09.2024,,W000,10.405,,0.06,0.17,0.002,0.004,0.001,0.003,0.02,99.74
,298,758134,03.09.2024,,W000,10.28,,0.06,0.18,0.001,0.004,0.001,0.004,0.02,99.73
,299,758136,04.09.2024,,W000,22.903,,0.07,0.19,0.001,0.002,0.001,0.004,0.02,99.712
,300,758140,04.09.2024,,W000,31.085,,0.06,0.19,0.002,0.004,0.001,0.004,0.02,99.719
,301,758144,04.09.2024,,W000,30.624,,0.06,0.19,0.004,0.012,0.001,0.004,0.02,99.709
,302,758148,05.09.2024,,W000,24.707,,0.06,0.17,0.003,0.013,0.001,0.004,0.02,99.729
,303,758152,05.09.2024,,W000,28.843,,0.06,0.18,0.002,0.008,0.001,0.004,0.02,99.725
,304,758156,05.09.2024,,W000,24.675,,0.06,0.18,0.001,0.002,0.001,0.004,0.02,99.732
,305,758160,06.09.2024,,W000,24.751,,0.06,0.18,0.001,0.003,0.001,0.004,0.02,99.731
,306,758164,06.09.2024,,W000,24.114,,0.06,0.19,0.001,0.005,0.001,0.004,0.02,99.719
,307,758168,07.09.2024,,W000,10.311,,0.06,0.19,0.002,0.006,0.001,0.004,0.02,99.717
,308,758172,07.09.2024,,W000,28.928,,0.06,0.22,0.002,0.004,0.001,0.004,0.02,99.689
,309,758176,07.09.2024,,W000,28.857,,0.06,0.17,0.004,0.012,0.001,0.004,0.02,99.729
,310,758180,08.09.2024,,W000,22.691,,0.07,0.2,0.001,0.002,0.001,0.004,0.02,99.702
,311,758184,08.09.2024,,W000,26.483,,0.06,0.2,0.001,0.001,0.001,0.004,0.02,99.713
,312,758188,08.09.2024,,W000,28.551,,0.07,0.25,0.001,0.002,0.001,0.004,0.02,99.652
,313,758192,09.09.2024,,W000,32.705,,0.07,0.2,0.002,0.007,0.001,0.004,0.02,99.696
,314,758196,09.09.2024,,W000,24.205,,0.07,0.19,0.001,0.004,0.001,0.004,0.02,99.71
,315,758200,10.09.2024,,W000,22.47,,0.07,0.21,0.001,0.002,0.001,0.004,0.02,99.692
,316,758204,10.09.2024,,W000,28.683,,0.07,0.22,0.001,0.003,0.001,0.004,0.02,99.681
,317,758208,10.09.2024,,W000,18.427,,0.07,0.21,0.001,0.003,0.001,0.004,0.02,99.691
,318,758212,11.09.2024,,W000,24.749,,0.07,0.21,0.001,0.002,0.001,0.004,0.02,99.692
,319,758216,11.09.2024,,W000,20.572,,0.07,0.19,0.001,0.001,0.001,0.004,0.02,99.713
,320,758220,12.09.2024,,W000,16.668,,0.06,0.23,0.003,0.012,0.001,0.004,0.02,99.67
,321,758224,12.09.2024,,W000,26.742,,0.07,0.24,0.004,0.012,0.001,0.004,0.02,99.649
,322,758228,12.09.2024,,W000,20.646,,0.07,0.19,0.001,0.002,0.001,0.004,0.02,99.712
,323,758232,13.09.2024,,W000,26.682,,0.07,0.21,0.003,0.012,0.001,0.004,0.02,99.68
,324,758236,13.09.2024,,W000,30.322,,0.07,0.21,0.002,0.005,0.001,0.004,0.02,99.688
,325,758240,14.09.2024,,W000,24.486,,0.07,0.26,0.003,0.01,0.001,0.004,0.02,99.632
,326,758244,14.09.2024,,W000,29.191,,0.07,0.19,0.001,0.002,0.001,0.004,0.02,99.712
,327,758248,15.09.2024,,W000,8.182,,0.07,0.2,0.001,0.003,0.001,0.004,0.02,99.701
,328,758252,15.09.2024,,W000,24.961,,0.07,0.2,0.002,0.006,0.001,0.004,0.02,99.697
,329,758256,15.09.2024,,W000,35.304,,0.07,0.19,0.001,0.002,0.001,0.004,0.02,99.712
,330,758260,16.09.2024,,W000,31.129,,0.08,0.21,0.001,0.002,0.001,0.004,0.02,99.682
,331,758264,16.09.2024,,W000,35.344,,0.08,0.19,0.002,0.007,0.001,0.004,0.02,99.696
,332,758268,17.09.2024,,W000,21.083,,0.08,0.2,0.002,0.004,0.001,0.004,0.02,99.689
,333,758358,01.10.2024,,W000,30.807,,0.09,0.25,0.007,0.01,0.001,0.004,0.02,99.618
,334,758362,02.10.2024,,W000,10.348,,0.09,0.19,0.003,0.008,0.001,0.004,0.02,99.684
,335,758366,02.10.2024,,W000,30.451,,0.07,0.18,0.001,0.002,0.001,0.003,0.02,99.723
,336,758370,02.10.2024,,W000,28.2,,0.08,0.22,0.001,0.004,0.001,0.004,0.02,99.67
,337,758374,03.10.2024,,W000,19.71,,0.08,0.2,0.001,0.001,0.001,0.004,0.02,99.693
,338,758378,03.10.2024,,W000,29.972,,0.08,0.23,0.001,0.001,0.001,0.004,0.02,99.663
,339,758382,04.10.2024,,W000,3.401,,0.1,0.2,0.001,0.002,0.001,0.004,0.02,99.672
,340,758390,05.10.2024,,W000,26.563,,0.09,0.21,0.001,0.002,0.001,0.004,0.02,99.672
,341,758394,06.10.2024,,W000,12.397,,0.08,0.22,0.001,0.003,0.001,0.004,0.02,99.671
,342,758398,06.10.2024,,W000,29.042,,0.09,0.18,0.001,0.004,0.001,0.004,0.02,99.7
,343,758402,06.10.2024,,W000,28.948,,0.09,0.2,0.001,0.003,0.001,0.004,0.02,99.681
,344,758406,07.10.2024,,W000,28.956,,0.08,0.19,0.001,0.001,0.001,0.004,0.02,99.703
,345,758410,07.10.2024,,W000,37.45,,0.08,0.22,0.001,0.002,0.001,0.004,0.02,99.672
,346,758414,07.10.2024,,W000,8.417,,0.08,0.2,0.001,0.003,0.001,0.004,0.02,99.691
,347,758418,09.10.2024,,W000,41.039,,0.08,0.2,0.001,0.002,0.001,0.004,0.02,99.692
,348,758420,09.10.2024,,W000,39.66,,0.08,0.19,0.004,0.008,0.001,0.004,0.02,99.693
,349,758422,09.10.2024,,W000,32.03,,0.08,0.19,0.001,0.006,0.001,0.004,0.02,99.698
,350,758424,10.10.2024,,W000,40.112,,0.07,0.19,0.001,0.002,0.001,0.004,0.02,99.712
,351,758426,10.10.2024,,W000,40.914,,0.08,0.2,0.001,0.002,0.001,0.004,0.02,99.692
,352,758428,11.10.2024,,W000,9.98,,0.08,0.18,0.001,0.001,0.001,0.004,0.02,99.713
,353,758430,11.10.2024,,W000,33.815,,0.07,0.18,0.001,0.002,0.001,0.004,0.02,99.722
,354,758432,11.10.2024,,W000,40.394,,0.08,0.2,0.001,0.002,0.001,0.004,0.02,99.692
,355,758434,11.10.2024,,W000,40.802,,0.08,0.19,0.001,0.003,0.001,0.004,0.02,99.701
,356,758436,12.10.2024,,W000,27.902,,0.08,0.19,0.001,0.002,0.001,0.004,0.02,99.702
,357,758438,13.10.2024,,W000,11.825,,0.08,0.2,0.001,0.003,0.001,0.004,0.02,99.691
,358,758440,13.10.2024,,W000,29.557,,0.07,0.18,0.001,0.002,0.001,0.004,0.02,99.722
,359,758442,13.10.2024,,W000,22.759,,0.07,0.19,0.001,0.002,0.001,0.004,0.02,99.712
,360,758444,14.10.2024,,W000,34.618,,0.07,0.19,0.001,0.003,0.001,0.004,0.02,99.711
,361,758446,14.10.2024,,W000,21.69,,0.07,0.19,0.001,0.003,0.001,0.004,0.02,99.711
,362,758448,15.10.2024,,W000,41.348,,0.07,0.18,0.001,0.002,0.001,0.004,0.02,99.722
,363,758450,15.10.2024,,W000,39.94,,0.07,0.18,0.002,0.004,0.001,0.004,0.02,99.719
,364,758452,16.10.2024,,W000,9.796,,0.07,0.18,0.001,0.003,0.001,0.004,0.02,99.721
,365,758454,16.10.2024,,W000,37.092,,0.07,0.18,0.001,0.001,0.001,0.004,0.02,99.723
,366,758456,16.10.2024,,W000,38.648,,0.07,0.2,0.001,0.001,0.001,0.004,0.02,99.703
,367,758458,16.10.2024,,W000,27.311,,0.07,0.18,0.001,0.002,0.001,0.004,0.02,99.722
,368,758460,17.10.2024,,W000,19.869,,0.07,0.17,0.001,0.002,0.001,0.004,0.02,99.732
,369,758462,17.10.2024,,W000,39.465,,0.07,0.17,0.002,0.004,0.001,0.004,0.02,99.729
,370,758464,17.10.2024,,W000,36.077,,0.07,0.17,0.001,0.003,0.001,0.004,0.02,99.731
,371,758466,17.10.2024,,W000,39.338,,0.07,0.19,0.001,0.002,0.001,0.004,0.02,99.712
,372,758468,17.10.2024,,W000,5.926,,0.07,0.18,0.001,0.002,0.001,0.004,0.02,99.722
,373,758470,18.10.2024,,W000,29.427,,0.07,0.18,0.001,0.003,0.001,0.004,0.02,99.721
,374,758472,18.10.2024,,W000,39.727,,0.07,0.19,0.002,0.005,0.001,0.004,0.02,99.708
,375,758474,19.10.2024,,W000,13.799,,0.07,0.2,0.001,0.002,0.001,0.004,0.02,99.702
,376,758476,19.10.2024,,W000,25.684,,0.07,0.18,0.001,0.002,0.001,0.004,0.02,99.722
,377,758478,20.10.2024,,W000,23.954,,0.08,0.18,0.002,0.006,0.001,0.004,0.02,99.707
,378,758480,20.10.2024,,W000,29.325,,0.07,0.17,0.001,0.002,0.001,0.004,0.02,99.732
,379,758482,20.10.2024,,W000,33.172,,0.08,0.17,0.001,0.003,0.001,0.003,0.02,99.722
,380,758484,20.10.2024,,W000,20.249,,0.08,0.18,0.002,0.007,0.001,0.004,0.02,99.706
,381,758486,21.10.2024,,W000,41.081,,0.07,0.17,0.002,0.004,0.001,0.004,0.02,99.729
,382,758488,21.10.2024,,W000,2.531,,0.07,0.21,0.001,0.005,0.001,0.004,0.02,99.689
,383,758490,21.10.2024,,W000,39.706,,0.07,0.19,0.001,0.006,0.001,0.004,0.02,99.708
,384,758492,22.10.2024,,W000,5.237,,0.08,0.18,0.001,0.004,0.001,0.004,0.02,99.71
,385,758494,22.10.2024,,W000,25.447,,0.07,0.18,0.001,0.003,0.001,0.003,0.02,99.722
,386,758496,23.10.2024,,W000,39.227,,0.08,0.17,0.003,0.01,0.001,0.004,0.02,99.712
,387,758498,23.10.2024,,W000,43.342,,0.08,0.18,0.002,0.009,0.001,0.004,0.02,99.704
,388,758500,23.10.2024,,W000,26.899,,0.08,0.18,0.002,0.009,0.001,0.004,0.02,99.704
,389,758502,24.10.2024,,W000,40.694,,0.09,0.25,0.001,0.002,0.001,0.004,0.02,99.632
,390,758504,24.10.2024,,W000,38.617,,0.09,0.22,0.001,0.002,0.001,0.004,0.02,99.662
,391,758506,24.10.2024,,W000,39.524,,0.08,0.23,0.001,0.002,0.001,0.004,0.02,99.662
,392,758508,25.10.2024,,W000,31.038,,0.08,0.19,0.001,0.003,0.001,0.004,0.02,99.701
,393,758512,25.10.2024,,W000,39.447,,0.08,0.2,0.001,0.002,0.001,0.004,0.02,99.692
,394,758514,26.10.2024,,W000,4.127,,0.07,0.15,0.001,0.004,0.001,0.004,0.02,99.75
,395,758516,26.10.2024,,W000,32.584,,0.08,0.2,0.001,0.003,0.001,0.004,0.02,99.691
,396,758520,26.10.2024,,W000,37.088,,0.08,0.2,0.002,0.004,0.001,0.004,0.02,99.689
,397,758524,26.10.2024,,W000,2.07,,0.08,0.2,0.002,0.003,0.001,0.004,0.02,99.69
,398,758528,27.10.2024,,W000,34.915,,0.08,0.19,0.002,0.005,0.001,0.004,0.02,99.698
,399,758532,28.10.2024,,W000,26.756,,0.09,0.19,0.003,0.009,0.001,0.004,0.02,99.683
,400,758536,28.10.2024,,W000,33.096,,0.08,0.17,0.001,0.002,0.001,0.004,0.02,99.722
,401,758540,29.10.2024,,W000,4.115,,0.09,0.18,0.002,0.007,0.001,0.004,0.02,99.696
,402,758544,29.10.2024,,W000,35.39,,0.08,0.19,0.001,0.005,0.001,0.004,0.02,99.699
,403,758548,29.10.2024,,W000,20.675,,0.09,0.22,0.001,0.002,0.001,0.004,0.02,99.662
,404,758552,30.10.2024,,W000,35.278,,0.09,0.21,0.001,0.004,0.001,0.004,0.02,99.67
,405,758556,30.10.2024,,W000,24.115,,0.09,0.2,0.003,0.01,0.001,0.004,0.02,99.672
,406,758560,31.10.2024,,W000,24.71,,0.09,0.18,0.001,0.003,0.001,0.004,0.02,99.701
,407,758564,31.10.2024,,W000,34.477,,0.09,0.24,0.001,0.002,0.001,0.004,0.02,99.642
,408,758568,01.11.2024,,W000,4.185,,0.1,0.23,0.001,0.001,0.001,0.005,0.02,99.642
,409,758572,01.11.2024,,W000,24.138,,0.1,0.21,0.001,0.002,0.001,0.004,0.02,99.662
,410,758576,01.11.2024,,W000,30.39,,0.1,0.18,0.001,0.003,0.001,0.004,0.02,99.691
,411,758580,02.11.2024,,W000,28.524,,0.09,0.24,0.001,0.001,0.001,0.004,0.02,99.643
,412,758584,02.11.2024,,W000,30.965,,0.09,0.18,0.001,0.001,0.001,0.004,0.02,99.703
,413,758588,03.11.2024,,W000,29.021,,0.1,0.18,0.001,0.003,0.001,0.004,0.02,99.691
,414,758592,03.11.2024,,W000,26.962,,0.1,0.18,0.001,0.002,0.001,0.004,0.02,99.692
,415,758596,04.11.2024,,W000,14.488,,0.1,0.18,0.002,0.004,0.001,0.004,0.02,99.689
,416,758598,05.11.2024,,W000,21.762,,0.1,0.18,0.001,0.002,0.001,0.004,0.02,99.692
,417,758602,05.11.2024,,W000,29.085,,0.1,0.18,0.001,0.001,0.001,0.004,0.02,99.693
,418,758606,06.11.2024,,W000,24.814,,0.1,0.16,0.001,0.004,0.001,0.004,0.02,99.71
,419,758610,06.11.2024,,W000,25.058,,0.12,0.22,0.001,0.001,0.001,0.004,0.02,99.633
,420,758614,06.11.2024,,W000,10.871,,0.11,0.18,0.001,0.002,0.001,0.004,0.02,99.682
,421,758618,07.11.2024,,W000,29.919,,0.11,0.19,0.001,0.001,0.001,0.004,0.02,99.673
,422,758622,07.11.2024,,W000,10.38,,0.1,0.18,0.001,0.003,0.001,0.004,0.02,99.691
,423,758626,08.11.2024,,W000,26.472,,0.11,0.16,0.002,0.007,0.001,0.004,0.02,99.696
,424,758630,08.11.2024,,W000,14.278,,0.12,0.19,0.002,0.003,0.001,0.004,0.02,99.66
,425,758634,09.11.2024,,W000,28.94,,0.12,0.19,0.001,0.002,0.001,0.004,0.02,99.662
,426,758638,10.11.2024,,W000,31.081,,0.12,0.21,0.001,0.002,0.001,0.004,0.02,99.642
,427,758642,10.11.2024,,W000,22.776,,0.12,0.18,0.001,0.002,0.001,0.005,0.02,99.671
,428,758646,11.11.2024,,W000,30.967,,0.11,0.16,0.001,0.002,0.001,0.004,0.02,99.702
,429,758650,11.11.2024,,W000,31.005,,0.12,0.15,0.002,0.009,0.001,0.004,0.02,99.694
,430,758654,12.11.2024,,W000,35.111,,0.12,0.18,0.001,0.002,0.001,0.004,0.02,99.672
,431,758658,12.11.2024,,W000,28.986,,0.12,0.19,0.001,0.001,0.001,0.004,0.02,99.663
,432,758662,13.11.2024,,W000,31.01,,0.11,0.16,0.004,0.012,0.001,0.004,0.02,99.689
,433,758666,13.11.2024,,W000,22.9,,0.11,0.19,0.001,0.002,0.001,0.004,0.02,99.672
,434,758670,14.11.2024,,W000,28.461,,0.13,0.21,0.002,0.003,0.001,0.005,0.02,99.629
,435,758674,14.11.2024,,W000,4.161,,0.11,0.16,0.001,0.001,0.001,0.004,0.02,99.703
,436,758678,15.11.2024,,W000,30.7,,0.12,0.17,0.001,0.001,0.001,0.004,0.02,99.683
,437,758682,15.11.2024,,W000,4.153,,0.12,0.18,0.001,0.002,0.001,0.004,0.02,99.672
,438,758686,16.11.2024,,W000,26.353,,0.12,0.17,0.002,0.004,0.001,0.004,0.02,99.679
,439,758688,16.11.2024,,W000,9.368,,0.12,0.16,0.002,0.003,0.001,0.004,0.02,99.69
,440,758692,17.11.2024,,W000,27.854,,0.1,0.2,0.001,0.002,0.001,0.004,0.02,99.672
,441,758698,18.11.2024,,W000,8.127,,0.12,0.18,0.001,0.002,0.001,0.004,0.02,99.672
,442,758702,18.11.2024,,W000,29.206,,0.11,0.17,0.002,0.007,0.001,0.004,0.02,99.686
,443,758708,19.11.2024,,W000,10.74,,0.12,0.19,0.001,0.003,0.001,0.005,0.02,99.66
,444,758712,19.11.2024,,W000,24.114,,0.12,0.18,0.001,0.001,0.001,0.004,0.02,99.673
,445,758716,20.11.2024,,W000,14.701,,0.11,0.18,0.001,0.002,0.001,0.004,0.02,99.682
,446,758720,20.11.2024,,W000,27.196,,0.13,0.16,0.001,0.002,0.001,0.004,0.02,99.682
,447,758724,20.11.2024,,W000,14.795,,0.12,0.18,0.002,0.005,0.001,0.004,0.02,99.668
,448,758728,21.11.2024,,W000,34.925,,0.1,0.17,0.001,0.003,0.001,0.004,0.02,99.701
,449,758732,22.11.2024,,W000,32.182,,0.1,0.18,0.001,0.002,0.001,0.004,0.02,99.692
,450,758736,22.11.2024,,W000,35.609,,0.1,0.18,0.001,0.002,0.001,0.004,0.02,99.692
,451,758740,23.11.2024,,W000,28.784,,0.12,0.16,0.002,0.003,0.001,0.004,0.02,99.69
,452,758744,23.11.2024,,W000,25.211,,0.12,0.18,0.002,0.004,0.001,0.005,0.02,99.668
,453,758748,24.11.2024,,W000,25.608,,0.12,0.17,0.001,0.002,0.001,0.004,0.02,99.682
,454,758752,24.11.2024,,W000,31.366,,0.12,0.14,0.002,0.007,0.001,0.004,0.02,99.706
,455,858112,01.09.2024,,W000,35.235,,0.06,0.18,0.001,0.002,0.001,0.004,0.02,99.732
,456,858116,01.09.2024,,W000,22.739,,0.06,0.19,0.001,0.002,0.001,0.004,0.02,99.722
,457,858120,01.09.2024,,W000,23.641,,0.06,0.18,0.002,0.002,0.001,0.004,0.02,99.731
,458,858124,02.09.2024,,W000,31.175,,0.06,0.18,0.001,0.001,0.001,0.003,0.02,99.734
,459,858128,02.09.2024,,W000,27.055,,0.06,0.16,0.002,0.003,0.001,0.003,0.02,99.751
,460,858132,03.09.2024,,W000,24.386,,0.06,0.16,0.001,0.004,0.001,0.004,0.02,99.75
,461,858138,04.09.2024,,W000,28.801,,0.06,0.19,0.001,0.005,0.002,0.004,0.02,99.718
,462,858142,04.09.2024,,W000,9.852,,0.06,0.18,0.002,0.004,0.001,0.004,0.02,99.729
,463,858146,05.09.2024,,W000,14.436,,0.06,0.18,0.002,0.006,0.001,0.004,0.02,99.727
,464,858150,05.09.2024,,W000,24.716,,0.06,0.16,0.002,0.009,0.001,0.004,0.02,99.744
,465,858154,05.09.2024,,W000,25.749,,0.06,0.18,0.002,0.008,0.001,0.004,0.02,99.725
,466,858158,06.09.2024,,W000,17.824,,0.06,0.2,0.002,0.006,0.001,0.004,0.02,99.707
,467,858162,06.09.2024,,W000,26.723,,0.06,0.16,0.004,0.012,0.001,0.004,0.02,99.739
,468,858166,06.09.2024,,W000,24.734,,0.07,0.27,0.003,0.01,0.001,0.004,0.02,99.622
,469,858170,07.09.2024,,W000,28.903,,0.06,0.27,0.003,0.009,0.001,0.004,0.02,99.633
,470,858174,07.09.2024,,W000,24.346,,0.06,0.23,0.002,0.004,0.001,0.004,0.02,99.679
,471,858178,07.09.2024,,W000,29.139,,0.07,0.19,0.001,0.002,0.001,0.004,0.02,99.712
,472,858182,08.09.2024,,W000,12.377,,0.07,0.21,0.004,0.011,0.001,0.004,0.02,99.68
,473,858186,08.09.2024,,W000,28.47,,0.06,0.25,0.001,0.005,0.001,0.004,0.02,99.659
,474,858190,09.09.2024,,W000,12.282,,0.07,0.19,0.001,0.002,0.001,0.004,0.02,99.712
,475,858194,09.09.2024,,W000,24.395,,0.07,0.21,0.002,0.003,0.001,0.004,0.02,99.69
,476,858198,09.09.2024,,W000,26.501,,0.06,0.16,0.001,0.002,0.001,0.003,0.02,99.753
,477,858202,11.09.2024,,W000,36.472,,0.07,0.23,0.001,0.003,0.001,0.004,0.02,99.671
,478,858206,11.09.2024,,W000,32.58,,0.07,0.23,0.001,0.002,0.001,0.004,0.02,99.672
,479,858210,11.09.2024,,W000,34.884,,0.07,0.21,0.001,0.002,0.001,0.004,0.02,99.692
,480,858214,11.09.2024,,W000,28.725,,0.07,0.2,0.004,0.014,0.001,0.004,0.02,99.687
,481,858218,11.09.2024,,W000,26.731,,0.07,0.2,0.001,0.006,0.001,0.004,0.02,99.698
,482,858222,12.09.2024,,W000,28.192,,0.07,0.2,0.001,0.001,0.001,0.004,0.02,99.703
,483,858226,12.09.2024,,W000,33.164,,0.07,0.23,0.003,0.012,0.001,0.004,0.02,99.66
,484,858230,13.09.2024,,W000,16.457,,0.06,0.18,0.001,0.001,0.001,0.003,0.02,99.734
,485,858234,13.09.2024,,W000,21.907,,0.07,0.2,0.001,0.002,0.001,0.004,0.02,99.702
,486,858238,14.09.2024,,W000,14.167,,0.07,0.19,0.002,0.003,0.001,0.004,0.02,99.71
,487,858242,14.09.2024,,W000,28.675,,0.07,0.2,0.001,0.002,0.001,0.004,0.02,99.702
,488,858246,14.09.2024,,W000,33.251,,0.07,0.23,0.002,0.006,0.001,0.005,0.02,99.666
,489,858250,15.09.2024,,W000,33.101,,0.07,0.19,0.002,0.007,0.001,0.004,0.02,99.706
,490,858254,15.09.2024,,W000,29.136,,0.07,0.21,0.001,0.002,0.001,0.004,0.02,99.692
,491,858258,15.09.2024,,W000,14.549,,0.07,0.21,0.001,0.004,0.001,0.004,0.02,99.69
,492,858262,16.09.2024,,W000,33.192,,0.08,0.22,0.001,0.002,0.001,0.005,0.02,99.671
,493,858266,16.09.2024,,W000,22.58,,0.08,0.18,0.001,0.002,0.001,0.004,0.02,99.712
,494,858270,17.09.2024,,W000,32.332,,0.07,0.16,0.001,0.002,0.001,0.004,0.02,99.742
,495,858272,17.09.2024,,W000,5.28,,0.09,0.2,0.002,0.004,0.001,0.004,0.02,99.679
,496,858274,18.09.2024,,W000,40.828,,0.08,0.19,0.003,0.006,0.001,0.004,0.02,99.696
,497,858276,18.09.2024,,W000,33.538,,0.08,0.16,0.005,0.015,0.001,0.004,0.02,99.715
,498,858278,18.09.2024,,W000,33.097,,0.07,0.2,0.003,0.008,0.001,0.004,0.02,99.694
,499,858280,19.09.2024,,W000,33.211,,0.08,0.2,0.003,0.007,0.001,0.004,0.002,99.703
,500,858282,19.09.2024,,W000,34.19,,0.07,0.2,0.002,0.004,0.001,0.005,0.02,99.698
,501,858284,19.09.2024,,W000,32.473,,0.08,0.19,0.003,0.01,0.001,0.004,0.02,99.692
,502,858286,19.09.2024,,W000,31.849,,0.07,0.19,0.002,0.004,0.001,0.004,0.02,99.709
,503,858288,20.09.2024,,W000,34.797,,0.08,0.19,0.001,0.002,0.001,0.005,0.02,99.701
,504,858290,20.09.2024,,W000,33.448,,0.08,0.2,0.001,0.002,0.001,0.005,0.02,99.691
,505,858292,20.09.2024,,W000,30.514,,0.07,0.19,0.002,0.003,0.001,0.005,0.02,99.709
,506,858294,21.09.2024,,W000,33.166,,0.08,0.21,0.001,0.002,0.001,0.004,0.02,99.682
,507,858296,21.09.2024,,W000,33.188,,0.08,0.19,0.003,0.01,0.001,0.004,0.02,99.692
,508,858298,21.09.2024,,W000,33.219,,0.07,0.2,0.001,0.004,0.001,0.004,0.02,99.7
,509,858300,22.09.2024,,W000,19.92,,0.07,0.2,0.001,0.003,0.001,0.005,0.02,99.7
,510,858302,22.09.2024,,W000,33.319,,0.08,0.2,0.001,0.003,0.001,0.004,0.02,99.691
,511,858304,22.09.2024,,W000,33.622,,0.07,0.2,0.002,0.006,0.001,0.004,0.02,99.697
,512,858306,23.09.2024,,W000,10.59,,0.08,0.2,0.003,0.007,0.001,0.004,0.02,99.685
,513,858308,23.09.2024,,W000,3.971,,0.09,0.2,0.001,0.005,0.001,0.004,0.02,99.679
,514,858310,24.09.2024,,W000,32.408,,0.08,0.19,0.002,0.006,0.001,0.004,0.02,99.697
,515,858312,24.09.2024,,W000,30.569,,0.08,0.23,0.002,0.005,0.001,0.004,0.02,99.658
,516,858314,24.09.2024,,W000,10.152,,0.08,0.24,0.002,0.005,0.001,0.004,0.02,99.648
,517,858316,25.09.2024,,W000,33.69,,0.08,0.19,0.002,0.005,0.001,0.005,0.02,99.697
,518,858318,25.09.2024,,W000,26.153,,0.08,0.18,0.002,0.006,0.001,0.004,0.02,99.707
,519,858320,25.09.2024,,W000,29.581,,0.08,0.19,0.002,0.007,0.001,0.004,0.02,99.696
,520,858322,26.09.2024,,W000,40.854,,0.08,0.18,0.002,0.006,0.001,0.004,0.02,99.707
,521,858324,26.09.2024,,W000,37.283,,0.09,0.21,0.002,0.006,0.001,0.005,0.02,99.666
,522,858326,26.09.2024,,W000,30.371,,0.08,0.19,0.001,0.002,0.001,0.004,0.02,99.702
,523,858328,26.09.2024,,W000,14.145,,0.08,0.21,0.001,0.002,0.001,0.004,0.02,99.682
,524,858330,27.09.2024,,W000,46.79,,0.07,0.21,0.001,0.002,0.001,0.004,0.02,99.692
,525,858332,27.09.2024,,W000,40.147,,0.08,0.19,0.003,0.004,0.001,0.004,0.02,99.698
,526,858334,28.09.2024,,W000,20.275,,0.08,0.19,0.002,0.005,0.001,0.004,0.02,99.698
,527,858336,28.09.2024,,W000,40.325,,0.08,0.2,0.004,0.012,0.001,0.004,0.02,99.679
,528,858338,28.09.2024,,W000,40.685,,0.08,0.21,0.002,0.004,0.001,0.004,0.02,99.679
,529,858340,28.09.2024,,W000,30.59,,0.08,0.19,0.001,0.003,0.001,0.004,0.02,99.701
,530,858342,29.09.2024,,W000,41.051,,0.08,0.2,0.002,0.006,0.001,0.004,0.02,99.687
,531,858344,29.09.2024,,W000,36.699,,0.07,0.19,0.001,0.002,0.001,0.004,0.02,99.712
,532,858346,29.09.2024,,W000,40.551,,0.08,0.2,0.001,0.001,0.001,0.004,0.02,99.693
,533,858348,30.09.2024,,W000,24.569,,0.08,0.21,0.002,0.005,0.001,0.004,0.02,99.678
,534,858350,30.09.2024,,W000,39.829,,0.08,0.19,0.002,0.004,0.001,0.004,0.02,99.699
,535,858352,30.09.2024,,W000,40.259,,0.09,0.23,0.002,0.005,0.001,0.004,0.02,99.648
,536,858354,30.09.2024,,W000,34.673,,0.09,0.2,0.003,0.005,0.001,0.004,0.02,99.677
,537,858356,01.10.2024,,W000,37.005,,0.09,0.2,0.001,0.003,0.001,0.004,0.02,99.681
,538,858360,01.10.2024,,W000,36.215,,0.08,0.21,0.001,0.002,0.001,0.004,0.02,99.682
,539,858364,02.10.2024,,W000,24.259,,0.09,0.18,0.002,0.007,0.001,0.003,0.02,99.697
,540,858368,02.10.2024,,W000,36.818,,0.08,0.22,0.001,0.003,0.001,0.004,0.02,99.671
,541,858372,03.10.2024,,W000,18.261,,0.08,0.21,0.001,0.001,0.001,0.004,0.02,99.683
,542,858376,03.10.2024,,W000,28.49,,0.08,0.22,0.001,0.001,0.001,0.004,0.02,99.673
,543,858380,03.10.2024,,W000,26.355,,0.08,0.24,0.001,0.003,0.001,0.005,0.02,99.65
,544,858384,04.10.2024,,W000,32.774,,0.08,0.22,0.001,0.002,0.001,0.004,0.02,99.672
,545,858386,04.10.2024,,W000,11.646,,0.08,0.19,0.001,0.001,0.001,0.004,0.02,99.703
,546,858388,05.10.2024,,W000,22.14,,0.09,0.21,0.001,0.002,0.001,0.004,0.02,99.672
,547,858392,05.10.2024,,W000,30.986,,0.09,0.23,0.001,0.003,0.001,0.004,0.02,99.651
,548,858396,06.10.2024,,W000,26.836,,0.08,0.18,0.001,0.003,0.001,0.004,0.02,99.711
,549,858400,06.10.2024,,W000,22.428,,0.08,0.18,0.001,0.001,0.001,0.004,0.02,99.713
,550,858404,07.10.2024,,W000,10.191,,0.08,0.19,0.001,0.002,0.001,0.004,0.02,99.702
,551,858408,07.10.2024,,W000,35.241,,0.08,0.2,0.001,0.002,0.001,0.004,0.02,99.692
,552,858412,07.10.2024,,W000,27.334,,0.08,0.2,0.001,0.003,0.001,0.004,0.02,99.691
,553,858416,08.10.2024,,W000,8.039,,0.08,0.19,0.001,0.003,0.001,0.004,0.02,99.701
,554,858510,25.10.2024,,W000,30.533,,0.07,0.18,0.001,0.004,0.001,0.004,0.02,99.72
,555,858518,26.10.2024,,W000,32.275,,0.08,0.19,0.001,0.002,0.001,0.004,0.02,99.702
,556,858522,26.10.2024,,W000,24.718,,0.08,0.2,0.002,0.003,0.001,0.004,0.02,99.69
,557,858526,27.10.2024,,W000,3.311,,0.08,0.18,0.001,0.002,0.001,0.004,0.02,99.712
,558,858530,27.10.2024,,W000,30.765,,0.08,0.18,0.001,0.002,0.001,0.004,0.02,99.712
,559,858534,28.10.2024,,W000,37.223,,0.08,0.16,0.001,0.002,0.001,0.004,0.02,99.732
,560,858538,28.10.2024,,W000,27.845,,0.09,0.21,0.001,0.002,0.001,0.004,0.02,99.672
,561,858542,29.10.2024,,W000,30.468,,0.1,0.2,0.001,0.004,0.001,0.004,0.02,99.67
,562,858546,29.10.2024,,W000,41.601,,0.09,0.18,0.001,0.001,0.001,0.004,0.02,99.703
,563,858550,29.10.2024,,W000,6.292,,0.09,0.21,0.001,0.002,0.001,0.004,0.02,99.672
,564,858554,30.10.2024,,W000,27.901,,0.1,0.19,0.001,0.005,0.001,0.004,0.02,99.679
,565,858558,30.10.2024,,W000,24.684,,0.09,0.22,0.002,0.005,0.001,0.004,0.02,99.658
,566,858562,31.10.2024,,W000,21.183,,0.09,0.23,0.001,0.003,0.001,0.004,0.02,99.651
,567,858566,31.10.2024,,W000,41.238,,0.09,0.2,0.001,0.003,0.001,0.004,0.02,99.681
,568,858570,01.11.2024,,W000,35.237,,0.09,0.24,0.001,0.003,0.001,0.004,0.02,99.641
,569,858574,01.11.2024,,W000,41.073,,0.09,0.2,0.001,0.003,0.001,0.004,0.02,99.681
,570,858578,01.11.2024,,W000,6.208,,0.1,0.17,0.001,0.003,0.001,0.004,0.02,99.701
,571,858582,02.11.2024,,W000,31.08,,0.1,0.18,0.001,0.002,0.001,0.004,0.02,99.692
,572,858586,02.11.2024,,W000,10.343,,0.1,0.17,0.001,0.001,0.001,0.004,0.02,99.703
,573,858590,03.11.2024,,W000,35.224,,0.1,0.17,0.001,0.002,0.001,0.004,0.02,99.702
,574,858594,03.11.2024,,W000,12.17,,0.1,0.18,0.001,0.003,0.001,0.004,0.02,99.691
,575,858600,05.11.2024,,W000,22.327,,0.1,0.17,0.001,0.001,0.001,0.004,0.02,99.703
,576,858604,05.11.2024,,W000,15.486,,0.1,0.18,0.001,0.001,0.001,0.004,0.02,99.693
,577,858608,06.11.2024,,W000,31.262,,0.1,0.18,0.001,0.004,0.001,0.004,0.02,99.69
,578,858612,06.11.2024,,W000,31.221,,0.1,0.17,0.001,0.002,0.001,0.004,0.02,99.702
,579,858616,07.11.2024,,W000,34.535,,0.1,0.2,0.001,0.002,0.001,0.004,0.02,99.672
,580,858620,07.11.2024,,W000,30.973,,0.1,0.18,0.001,0.006,0.001,0.004,0.02,99.688
,581,858624,08.11.2024,,W000,37.482,,0.12,0.19,0.001,0.004,0.001,0.005,0.02,99.659
,582,858628,08.11.2024,,W000,26.192,,0.12,0.17,0.004,0.009,0.001,0.004,0.02,99.672
,583,858632,09.11.2024,,W000,38.682,,0.12,0.2,0.001,0.003,0.001,0.005,0.02,99.65
,584,858636,09.11.2024,,W000,33.087,,0.12,0.2,0.001,0.002,0.001,0.004,0.02,99.652
,585,858640,10.11.2024,,W000,20.732,,0.12,0.17,0.002,0.007,0.001,0.004,0.02,99.676
,586,858644,10.11.2024,,W000,24.405,,0.11,0.16,0.001,0.002,0.001,0.004,0.02,99.702
,587,858648,11.11.2024,,W000,37.128,,0.12,0.17,0.003,0.009,0.001,0.004,0.02,99.673
,588,858652,11.11.2024,,W000,2.065,,0.12,0.18,0.001,0.001,0.001,0.005,0.02,99.672
,589,858656,12.11.2024,,W000,34.856,,0.12,0.2,0.001,0.002,0.001,0.005,0.02,99.651
,590,858660,13.11.2024,,W000,33.421,,0.12,0.19,0.001,0.001,0.001,0.004,0.02,99.663
,591,858664,13.11.2024,,W000,36.953,,0.11,0.18,0.001,0.002,0.001,0.004,0.02,99.682
,592,858668,14.11.2024,,W000,12.5,,0.1,0.19,0.001,0.002,0.001,0.004,0.02,99.682
,593,858672,14.11.2024,,W000,30.66,,0.12,0.18,0.001,0.003,0.001,0.004,0.02,99.671
,594,858676,15.11.2024,,W000,41.74,,0.12,0.17,0.002,0.002,0.001,0.004,0.02,99.681
,595,858680,15.11.2024,,W000,24.288,,0.11,0.16,0.001,0.002,0.001,0.004,0.02,99.702
,596,858684,16.11.2024,,W000,33.183,,0.12,0.17,0.003,0.01,0.001,0.004,0.02,99.672
,597,858690,16.11.2024,,W000,2.63,,0.1,0.14,0.001,0.003,0.001,0.004,0.02,99.731
,598,858694,17.11.2024,,W000,32.999,,0.12,0.17,0.002,0.004,0.001,0.004,0.02,99.679
,599,858696,17.11.2024,,W000,10.623,,0.12,0.17,0.001,0.002,0.001,0.004,0.02,99.682
,600,858700,18.11.2024,,W000,28.134,,0.11,0.16,0.002,0.007,0.001,0.004,0.02,99.696
,601,858704,18.11.2024,,W000,33.892,,0.12,0.17,0.001,0.002,0.001,0.004,0.02,99.682
,602,858706,18.11.2024,,W000,6.83,,0.12,0.18,0.001,0.002,0.001,0.005,0.02,99.671
,603,858710,19.11.2024,,W000,37.401,,0.11,0.17,0.001,0.002,0.001,0.004,0.02,99.692
,604,858714,19.11.2024,,W000,26.696,,0.11,0.17,0.001,0.001,0.001,0.004,0.02,99.693
,605,858718,20.11.2024,,W000,40.26,,0.11,0.18,0.001,0.002,0.001,0.004,0.02,99.682
,606,858722,20.11.2024,,W000,26.903,,0.13,0.19,0.002,0.006,0.001,0.004,0.02,99.647
,607,858726,21.11.2024,,W000,33.372,,0.1,0.19,0.001,0.004,0.001,0.004,0.02,99.68
,608,858730,21.11.2024,,W000,9.409,,0.1,0.16,0.001,0.002,0.001,0.004,0.02,99.712
,609,858734,22.11.2024,,W000,30.255,,0.11,0.18,0.002,0.005,0.001,0.004,0.02,99.678
,610,858738,22.11.2024,,W000,22.16,,0.11,0.17,0.001,0.002,0.001,0.004,0.02,99.692
,611,858742,23.11.2024,,W000,45.389,,0.11,0.16,0.001,0.002,0.001,0.004,0.02,99.702
,612,858746,23.11.2024,,W000,11.913,,0.12,0.19,0.002,0.008,0.001,0.004,0.02,99.655
,613,858750,24.11.2024,,W000,39.95,,0.12,0.15,0.002,0.007,0.001,0.004,0.02,99.696
,614,858754,24.11.2024,,W000,31.399,,0.11,0.15,0.002,0.006,0.001,0.004,0.02,99.707